,UNH,JNJ,PFE,ABBV,LLY,TMO,MRK,ABT,DHR,BMY,MDT,AMGN,CVS,ANTM,ISRG,ZTS,SYK,CI,REGN,BDX,GILD,EW,VRTX,BSX,HCA,HUM,ILMN,CNC,MCK,DXCM,IQV,IDXX,BAX,A,RMD,BIIB,MTD,ALGN,WST,CERN,ZBH,LH,STE,ABC,PKI,COO,MOH,HOLX,WAT,CTLT,CAH,DGX,TECH,TFX,INCY,CRL,ABMD,VTRS,HSIC,BIO,UHS,XRAY
RiskOn,0.0011744969849888228,0.0004869077383192412,0.0005570040362263262,0.0008879844335626919,0.0010491149380880318,0.0009297223817199088,0.0004572688648098328,0.0007295362705356947,0.0009305319864819785,0.00044967892726492637,0.000487482472569561,0.0005886203569076128,0.0003851199789864672,0.0010346521126703618,0.0010782727722448019,0.0010479256318319467,0.0008116752544533045,0.0007465005280053477,0.0006401925430972786,0.0005910009099698204,6.784411139177281e-05,0.0012806140645896052,0.0008593477421862045,0.0008118543339956036,0.0009492121657309863,0.0009177104684834342,0.0006954598107933986,0.0010601579511900073,0.0004820869671211143,0.0017736846619179662,0.0009099006262141498,0.0012562438280649632,0.0004834115171571047,0.0007541460091363826,0.0010296820646140909,0.00016080562918056185,0.0009786246349184524,0.001442012611485124,0.0012977716751706244,0.0004031863058566689,0.00033791331898284157,0.0006407471505048046,0.0009779417938105088,0.0006046577462079484,0.0007941562525885727,0.0006134125199868685,0.0013954823499566882,0.0007099729006879403,0.0006817084324913642,0.0010526183629744551,0.0002319871803810432,0.0006107597262605919,0.0009514880382649742,0.0007654020765513668,0.0005877661183538135,0.001051155603857089,0.0017098433544952259,-0.0004388628185203916,0.0004831880271163811,0.0009663983952809576,0.00042386290281072917,0.0001455750815563941
RiskOff,,,,,,,,,,,,,,,,,,,,,,,,,,,,,,,,,,,,,,,,,,,,,,,,,,,,,,,,,,,,,,
